code,name,bucket,sector,group,surge_ratio,zscore,recent_turnover_usd,baseline_median_usd,share_recent_pct,share_base_pct,share_delta_pp,last_close,pct_window
PDD,PDD Holdings Inc. American Depositary Shares,leader,,不明,4.527,1.56,114921564,25387458,0.386,0.115,+0.272,84.6,+0.39
CNC,Centene Corporation,core,Managed Health Care,ヘルスケア,4.273,2.06,38636450,9041173,0.130,0.039,+0.091,65.9,-0.84
SPCX,Space Exploration Technologies,hot,,不明,4.055,2.45,1663804147,410266148,5.595,1.679,+3.915,124.0,-17.70
RF,Regions Financial Corporation,core,Regional Banks,金融,4.051,2.81,67375343,16630875,0.227,0.067,+0.159,31.6,+5.08
UNH,UnitedHealth Group,core,Managed Health Care,ヘルスケア,3.882,1.44,477212769,122915348,1.605,0.527,+1.078,428.7,+0.60
FRT,Federal Realty Investment Trust,core,Retail REITs,不動産,3.840,1.77,11131523,2899102,0.037,0.012,+0.025,125.7,+3.99
SNPS,Synopsys,leader,Application Software,情報技術,3.703,1.32,98877022,26703355,0.332,0.130,+0.202,374.8,-12.56
LIN,Linde plc,leader,Industrial Gases,素材,3.520,3.07,138874307,39452118,0.467,0.144,+0.323,513.5,-2.19
BILL,"BILL Holdings, Inc.",hot,,不明,3.393,2.15,17580839,5181935,0.059,0.020,+0.039,44.8,+18.14
LCID,"Lucid Group, Inc.",hot,,不明,3.291,0.22,24210044,7356470,0.081,0.052,+0.029,7.4,+29.37
UPS,United Parcel Service,core,Air Freight & Logistics,資本財,3.235,1.84,68410579,21150235,0.230,0.089,+0.141,118.1,+6.26
HII,Huntington Ingalls Industries,core,Aerospace & Defense,資本財,3.094,2.00,13991149,4522458,0.047,0.017,+0.030,269.5,-6.52
SYY,Sysco,core,Food Distributors,生活必需品,3.042,1.04,26795953,8809078,0.090,0.039,+0.052,81.5,-2.15
HL,Hecla Mining Company,hot,,不明,2.962,2.43,89751219,30297393,0.302,0.110,+0.191,14.4,-6.26
TRV,Travelers Companies (The),core,Property & Casualty Insurance,金融,2.950,0.46,62975447,21349533,0.212,0.118,+0.094,366.0,+7.70
ACGL,Arch Capital Group,core,Property & Casualty Insurance,金融,2.904,1.22,17311723,5961654,0.058,0.025,+0.034,101.3,-0.57
LOW,Lowe's,core,Home Improvement Retail,一般消費財,2.890,0.82,72040955,24923941,0.242,0.104,+0.138,209.8,-1.72
TSN,Tyson Foods,core,Packaged Foods & Meats,生活必需品,2.793,1.43,16636446,5957236,0.056,0.023,+0.033,57.8,-0.12
CDNS,Cadence Design Systems,leader,Application Software,情報技術,2.782,0.74,67991046,24442561,0.229,0.114,+0.115,327.4,-11.60
EBAY,eBay Inc.,core,Broadline Retail,一般消費財,2.753,1.13,39310793,14280221,0.132,0.060,+0.072,111.9,-2.26
ACN,Accenture,core,IT Consulting & Other Services,情報技術,2.745,1.69,139154113,50689819,0.468,0.197,+0.271,143.2,+9.67
FICO,Fair Isaac,core,Application Software,情報技術,2.745,1.35,39086019,14238225,0.131,0.054,+0.078,1254.7,+1.00
DE,Deere & Company,core,Agricultural & Farm Machinery,資本財,2.744,1.36,61855696,22538694,0.208,0.090,+0.118,597.2,-1.00
A,Agilent Technologies,core,Life Sciences Tools & Services,ヘルスケア,2.744,0.99,30330734,11052830,0.102,0.046,+0.056,131.6,+1.48
RSG,Republic Services,core,Environmental & Facilities Services,資本財,2.718,1.27,28565369,10509811,0.096,0.043,+0.053,222.9,+2.11
TRMB,Trimble Inc.,core,Application Software,情報技術,2.680,1.36,12474935,4654842,0.042,0.018,+0.024,53.1,+2.61
BKNG,Booking Holdings,leader,"Hotels, Resorts & Cruise Lines",一般消費財,2.637,1.61,109876636,41663395,0.369,0.160,+0.209,181.5,+5.51
ROAD,"Construction Partners, Inc.",hot,,不明,2.616,0.90,12907054,4934515,0.043,0.021,+0.023,104.3,+0.34
NFLX,Netflix,leader,Movies & Entertainment,コミュニケーション・サービス,2.605,0.54,415838742,159630852,1.398,0.739,+0.660,68.8,-7.67
HD,Home Depot (The),core,Home Improvement Retail,一般消費財,2.586,1.84,137811014,53284647,0.463,0.190,+0.274,339.0,+0.53
DOV,Dover Corporation,core,Industrial Machinery & Supplies & Components,資本財,2.573,1.18,21501731,8357449,0.072,0.032,+0.041,214.1,-0.04
LII,Lennox International,core,Building Products,資本財,2.543,0.64,20790722,8176484,0.070,0.037,+0.033,541.3,-0.47
SWKS,Skyworks Solutions,core,Semiconductors,半導体,2.542,0.71,25360725,9976655,0.085,0.044,+0.041,58.8,-3.37
VTR,Ventas,core,Health Care REITs,不動産,2.521,1.08,22058630,8751039,0.074,0.036,+0.038,95.9,+4.01
DPZ,Domino's,core,Restaurants,一般消費財,2.504,0.80,29982853,11972499,0.101,0.053,+0.048,320.0,+8.08
AIG,American International Group,core,Multi-line Insurance,金融,2.488,0.73,21101607,8479776,0.071,0.037,+0.034,80.3,+0.25
SBUX,Starbucks,leader,Restaurants,一般消費財,2.451,1.19,64433677,26286701,0.217,0.104,+0.113,105.5,+1.60
URI,United Rentals,core,Trading Companies & Distributors,資本財,2.441,1.05,41305480,16920647,0.139,0.065,+0.074,1044.7,-3.43
MANE,"Veradermics, Incorporated",hot,,不明,2.401,0.69,10392816,4327764,0.035,0.018,+0.017,115.2,-2.51
STT,State Street Corporation,core,Asset Management & Custody Banks,金融,2.308,0.75,55527772,24060952,0.187,0.103,+0.084,182.6,+1.72
SOLV,Solventum,core,Health Care Technology,ヘルスケア,2.294,0.31,5984040,2608276,0.020,0.012,+0.008,81.2,+7.57
KRMN,Karman Holdings Inc.,hot,,不明,2.271,0.20,11823525,5206316,0.040,0.028,+0.012,46.7,-5.92
TFC,Truist Financial,core,Diversified Banks,金融,2.262,0.60,43285077,19137669,0.146,0.080,+0.065,52.6,+5.17
KO,Coca-Cola Company (The),core,Soft Drinks & Non-alcoholic Beverages,生活必需品,2.250,0.78,122644614,54508912,0.412,0.230,+0.183,81.6,-1.09
FOXA,Fox Corporation (Class A),core,Broadcasting,コミュニケーション・サービス,2.240,0.81,26880055,11999833,0.090,0.047,+0.043,57.3,+8.49
ETR,Entergy,core,Electric Utilities,公益事業,2.177,0.61,18688994,8585413,0.063,0.036,+0.027,113.3,-1.67
HTFL,"Heartflow, Inc.",hot,,不明,2.128,0.19,2401334,1128553,0.008,0.006,+0.002,24.8,-5.34
NRG,NRG Energy,core,Independent Power Producers & Energy Traders,公益事業,2.107,0.66,23248356,11033010,0.078,0.043,+0.035,129.5,-7.60
ROL,"Rollins, Inc.",core,Environmental & Facilities Services,資本財,2.048,0.52,15212659,7429095,0.051,0.031,+0.020,45.2,+1.58
AIZ,Assurant,core,Multi-line Insurance,金融,2.031,0.54,7209453,3549094,0.024,0.015,+0.010,277.1,-0.69
IOVA,"Iovance Biotherapeutics, Inc.",hot,,不明,2.026,0.38,9000795,4443715,0.030,0.020,+0.010,5.0,+16.15
ZBRA,Zebra Technologies,core,Electronic Equipment & Instruments,情報技術,2.009,1.18,15676741,7803724,0.053,0.028,+0.025,267.5,+0.49
AME,Ametek,core,Electrical Components & Equipment,資本財,2.002,0.61,15374735,7680998,0.052,0.030,+0.021,235.9,+1.05
MSCI,MSCI Inc.,core,Financial Exchanges & Data,金融,1.968,0.66,24624643,12512600,0.083,0.046,+0.037,628.0,+5.15
ALGN,Align Technology,core,Health Care Supplies,ヘルスケア,1.958,0.10,9037241,4616003,0.030,0.023,+0.008,175.9,+0.94
KEY,KeyCorp,core,Regional Banks,金融,1.939,0.78,23316610,12025644,0.078,0.044,+0.034,23.5,+2.94
GRMN,Garmin,core,Consumer Electronics,一般消費財,1.938,0.61,13375708,6900782,0.045,0.027,+0.018,249.1,+2.72
CRH,CRH plc,core,Construction Materials,素材,1.930,0.56,22415429,11615494,0.075,0.046,+0.029,102.6,-0.33
DTE,DTE Energy,core,Multi-Utilities,公益事業,1.927,0.31,11665270,6053735,0.039,0.026,+0.013,147.9,-2.30
UNP,Union Pacific Corporation,core,Rail Transportation,資本財,1.909,0.65,66302336,34738124,0.223,0.135,+0.088,299.9,+6.76
WTW,Willis Towers Watson,core,Insurance Brokers,金融,1.908,0.40,10449923,5476063,0.035,0.023,+0.012,293.8,+0.98
RELY,"Remitly Global, Inc.",hot,,不明,1.897,0.31,5902343,3111706,0.020,0.013,+0.007,24.1,+3.52
ISRG,Intuitive Surgical,leader,Health Care Equipment,ヘルスケア,1.896,0.33,149962460,79078447,0.504,0.324,+0.180,349.8,-14.91
FER,Ferrovial N.V. Ordinary Shares,leader,,不明,1.896,0.65,6172706,3255424,0.021,0.013,+0.008,63.4,-2.65
NVR,"NVR, Inc.",core,Homebuilding,一般消費財,1.890,0.97,15252342,8067976,0.051,0.028,+0.024,6522.1,+0.89
ALAB,"Astera Labs, Inc. Common Stock",leader,,不明,1.887,0.61,140633032,74507639,0.473,0.290,+0.183,300.7,-28.07
PNW,Pinnacle West Capital,core,Multi-Utilities,公益事業,1.878,0.22,6197462,3299344,0.021,0.015,+0.006,107.8,-0.09
TXT,Textron,core,Aerospace & Defense,資本財,1.878,0.47,7989918,4253803,0.027,0.017,+0.010,91.1,+0.98
CVNA,Carvana,core,Automotive Retail,一般消費財,1.864,0.50,38003286,20388884,0.128,0.081,+0.047,67.7,+2.13
NDSN,Nordson Corporation,core,Industrial Machinery & Supplies & Components,資本財,1.858,0.28,6131752,3300371,0.021,0.014,+0.007,289.4,+0.88
ETN,Eaton Corporation,core,Electrical Components & Equipment,資本財,1.857,0.65,72377305,38964995,0.243,0.147,+0.096,399.5,-2.95
PCAR,Paccar,leader,Construction Machinery & Heavy Transportation Equipment,資本財,1.857,0.59,25130268,13531773,0.085,0.051,+0.033,125.6,+1.92
FITB,Fifth Third Bancorp,core,Regional Banks,金融,1.854,0.51,32607332,17588240,0.110,0.067,+0.043,57.7,+2.77
TYL,Tyler Technologies,core,Application Software,情報技術,1.849,0.44,15101929,8165653,0.051,0.032,+0.018,319.3,+4.96
BXP,"BXP, Inc.",core,Office REITs,不動産,1.848,0.33,4826451,2611707,0.016,0.011,+0.005,69.6,+3.68
TDY,Teledyne Technologies,core,Electronic Equipment & Instruments,情報技術,1.847,0.30,15526927,8408262,0.052,0.036,+0.016,635.7,-1.59
VTRS,Viatris,core,Pharmaceuticals,ヘルスケア,1.846,0.35,11643730,6306451,0.039,0.025,+0.014,17.3,+3.13
NUE,Nucor,core,Steel,素材,1.829,0.60,19215240,10505541,0.065,0.039,+0.025,236.1,+3.51
CMS,CMS Energy,core,Multi-Utilities,公益事業,1.827,0.41,15318646,8382435,0.052,0.033,+0.018,73.7,-2.74
ADSK,Autodesk,leader,Application Software,情報技術,1.824,0.65,34514456,18919239,0.116,0.070,+0.046,218.8,+9.20
AMCR,Amcor,core,Paper & Plastic Packaging Products & Materials,素材,1.821,0.31,9722432,5337644,0.033,0.022,+0.010,43.4,+1.95
GPN,Global Payments,core,Transaction & Payment Processing Services,金融,1.819,0.41,16174713,8893291,0.054,0.035,+0.019,78.5,+8.78
ADM,Archer Daniels Midland,core,Agricultural Products & Services,生活必需品,1.817,0.27,14356773,7901745,0.048,0.034,+0.015,85.1,+6.68
IMOS,ChipMOS TECHNOLOGIES INC.,hot,,不明,1.799,0.45,1238674,688613,0.004,0.003,+0.002,69.0,-5.43
GDDY,GoDaddy,core,Internet Services & Infrastructure,情報技術,1.793,0.25,10235639,5708265,0.034,0.024,+0.011,93.8,+11.05
DHI,D. R. Horton,core,Homebuilding,一般消費財,1.793,0.23,20973080,11699444,0.071,0.051,+0.019,149.1,-0.39
VLTO,Veralto,core,Environmental & Facilities Services,資本財,1.787,0.63,10614475,5940051,0.036,0.022,+0.014,93.7,+2.52
PFG,Principal Financial Group,core,Life & Health Insurance,金融,1.786,0.44,12148222,6803165,0.041,0.026,+0.015,113.8,+2.01
ABT,Abbott Laboratories,core,Health Care Equipment,ヘルスケア,1.779,0.11,97405284,54761137,0.328,0.255,+0.073,99.9,+6.05
IVZ,Invesco,core,Asset Management & Custody Banks,金融,1.776,0.54,11718718,6596656,0.039,0.025,+0.014,29.5,+8.00
AWK,American Water Works,core,Water Utilities,公益事業,1.770,0.33,14223015,8034516,0.048,0.032,+0.015,134.8,+2.95
AMGN,Amgen,leader,Biotechnology,ヘルスケア,1.765,0.43,48154642,27282719,0.162,0.105,+0.057,364.8,-0.64
J,Jacobs Solutions,core,Construction & Engineering,資本財,1.763,0.23,8096626,4592569,0.027,0.020,+0.007,131.5,+1.96
WEC,WEC Energy Group,core,Electric Utilities,公益事業,1.759,0.22,12486926,7098721,0.042,0.031,+0.011,113.2,-2.76
GPI,"Group 1 Automotive, Inc.",hot,,不明,1.759,0.53,4253363,2418370,0.014,0.009,+0.006,325.3,+10.56
ADPT,Adaptive Biotechnologies Corpor,hot,,不明,1.757,0.41,4528411,2577036,0.015,0.010,+0.005,22.8,+11.10
CMG,Chipotle Mexican Grill,core,Restaurants,一般消費財,1.755,0.53,53043666,30222654,0.178,0.113,+0.065,34.7,+4.83
TEL,TE Connectivity,core,Electronic Manufacturing Services,情報技術,1.748,0.34,29963082,17142676,0.101,0.070,+0.031,203.4,+1.53
APTV,Aptiv,core,Automotive Parts & Equipment,一般消費財,1.737,0.33,8903002,5124594,0.030,0.021,+0.009,57.4,-2.55
EIX,Edison International,core,Electric Utilities,公益事業,1.736,0.30,9203305,5301904,0.031,0.022,+0.009,77.4,+3.17
LNT,Alliant Energy,core,Electric Utilities,公益事業,1.727,0.22,11518084,6671209,0.039,0.028,+0.011,75.0,-1.88
HIG,Hartford (The),core,Property & Casualty Insurance,金融,1.722,0.46,13278656,7709766,0.045,0.029,+0.016,140.3,+0.67
INCY,Incyte,core,Biotechnology,ヘルスケア,1.713,0.19,11005441,6424534,0.037,0.028,+0.009,117.5,+0.23
WRB,W. R. Berkley Corporation,core,Property & Casualty Insurance,金融,1.709,0.16,9119729,5336441,0.031,0.024,+0.007,71.8,+0.79
CI,Cigna,core,Health Care Services,ヘルスケア,1.709,0.12,34428217,20150045,0.116,0.090,+0.026,282.0,-2.83
BEN,Franklin Resources,core,Asset Management & Custody Banks,金融,1.705,0.29,10156651,5958155,0.034,0.024,+0.010,32.6,-3.32
TTWO,Take-Two Interactive,leader,Interactive Home Entertainment,コミュニケーション・サービス,1.702,0.09,27751166,16304257,0.093,0.075,+0.018,237.1,-6.22
ED,Consolidated Edison,core,Multi-Utilities,公益事業,1.698,0.17,10906159,6423025,0.037,0.027,+0.009,111.8,+0.07
MCK,McKesson Corporation,core,Health Care Distributors,ヘルスケア,1.688,0.44,53590675,31742381,0.180,0.119,+0.061,842.4,+3.62
TAP,Molson Coors Beverage Company,core,Brewers,生活必需品,1.678,0.35,9351735,5571930,0.031,0.022,+0.010,40.8,+5.63
QCOM,Qualcomm,leader,Semiconductors,半導体,1.669,0.30,157140855,94135185,0.528,0.375,+0.153,169.9,-10.90
JBL,Jabil,core,Electronic Manufacturing Services,情報技術,1.668,0.25,23534956,14112825,0.079,0.057,+0.022,299.6,-11.52
ADI,Analog Devices,leader,Semiconductors,半導体,1.663,0.37,78296369,47083961,0.263,0.182,+0.081,374.0,-6.11
ONDS,Ondas Inc,hot,,不明,1.662,1.16,90632728,54523053,0.305,0.177,+0.128,6.6,-13.01
EXPE,Expedia Group,core,"Hotels, Resorts & Cruise Lines",一般消費財,1.656,0.26,21667864,13086262,0.073,0.052,+0.021,266.9,+4.72
ZBH,Zimmer Biomet,core,Health Care Equipment,ヘルスケア,1.644,0.20,15196850,9245230,0.051,0.038,+0.013,91.3,+4.91
COR,Cencora,core,Health Care Distributors,ヘルスケア,1.634,0.43,30058800,18394789,0.101,0.066,+0.035,307.3,+0.54
NTRS,Northern Trust,core,Asset Management & Custody Banks,金融,1.631,0.39,11669810,7155783,0.039,0.027,+0.012,183.5,+1.08
CHRN,ChronoScale Holdings Corporatio,hot,,不明,1.629,0.05,796901,489219,0.003,0.002,+0.001,26.5,+43.45
JBLU,JetBlue Airways Corporation,hot,,不明,1.623,0.53,15410528,9492964,0.052,0.035,+0.017,5.4,-4.35
BG,Bunge Global,core,Agricultural Products & Services,生活必需品,1.621,0.25,7804836,4814028,0.026,0.019,+0.007,118.5,+3.67
FTV,Fortive,core,Industrial Machinery & Supplies & Components,資本財,1.621,0.17,7842280,4837584,0.026,0.020,+0.006,61.7,+0.14
ECHO,EchoStar,core,Wireless Telecommunication Services,コミュニケーション・サービス,1.620,0.19,35701875,22043544,0.120,0.089,+0.031,92.0,-5.56
MLM,Martin Marietta Materials,core,Construction Materials,素材,1.619,0.25,17034336,10521663,0.057,0.041,+0.016,563.8,-1.10
AFL,Aflac,core,Life & Health Insurance,金融,1.614,0.22,14706255,9109005,0.049,0.037,+0.013,124.7,+3.01
LVS,Las Vegas Sands,core,Casinos & Gaming,一般消費財,1.610,0.17,10050188,6242601,0.034,0.025,+0.008,45.3,-0.15
SO,Southern Company,core,Electric Utilities,公益事業,1.608,0.23,21149479,13155339,0.071,0.052,+0.019,95.5,-0.84
EXPD,Expeditors International,core,Air Freight & Logistics,資本財,1.604,0.07,15534049,9683124,0.052,0.042,+0.010,182.4,+9.52
AZO,AutoZone,core,Automotive Retail,一般消費財,1.602,0.22,42894042,26778058,0.144,0.109,+0.035,3037.4,-0.28
MCO,Moody's Corporation,core,Financial Exchanges & Data,金融,1.594,0.31,22154775,13899977,0.074,0.053,+0.022,510.0,+6.35
JBHT,J.B. Hunt,core,Cargo Ground Transportation,資本財,1.594,0.23,27530167,17276395,0.093,0.068,+0.024,289.9,+2.57
PNR,Pentair,core,Industrial Machinery & Supplies & Components,資本財,1.592,0.07,23371615,14684571,0.079,0.063,+0.015,62.3,-14.90
FDS,FactSet,core,Financial Exchanges & Data,金融,1.589,0.13,13134081,8265830,0.044,0.035,+0.009,257.1,+7.14
BAX,Baxter International,core,Health Care Equipment,ヘルスケア,1.579,0.11,7349888,4655451,0.025,0.019,+0.005,22.7,+3.14
META,Meta Platforms,leader,Interactive Media & Services,コミュニケーション・サービス,1.563,0.07,1024089760,655106086,3.444,2.813,+0.631,643.1,+10.92
VRTX,Vertex Pharmaceuticals,leader,Biotechnology,ヘルスケア,1.560,0.08,37895739,24288314,0.127,0.102,+0.025,486.0,-2.81
BAC,Bank of America,core,Diversified Banks,金融,1.557,0.29,154674320,99337590,0.520,0.375,+0.145,61.0,+4.18
COP,ConocoPhillips,core,Oil & Gas Exploration & Production,エネルギー,1.556,0.41,43557938,27995690,0.146,0.103,+0.043,114.3,+3.64
DUK,Duke Energy,core,Electric Utilities,公益事業,1.547,0.28,29210995,18888161,0.098,0.071,+0.028,124.8,-1.55
CWK,Cushman & Wakefield Ltd.,hot,,不明,1.543,0.21,1395441,904121,0.005,0.004,+0.001,13.5,+1.69
NWSA,News Corp (Class A),core,Publishing,コミュニケーション・サービス,1.541,0.15,4829796,3134864,0.016,0.012,+0.004,28.5,+6.23
ROP,Roper Technologies,leader,Electronic Equipment & Instruments,情報技術,1.540,0.40,17271234,11217488,0.058,0.040,+0.018,363.1,+4.31
CASY,Casey's,core,Food Retail,生活必需品,1.536,0.34,22660802,14755001,0.076,0.052,+0.024,856.6,+2.27
WYNN,Wynn Resorts,core,Casinos & Gaming,一般消費財,1.535,0.07,7932015,5169027,0.027,0.022,+0.005,96.6,-0.81
L,Loews Corporation,core,Multi-line Insurance,金融,1.531,0.13,5144982,3360909,0.017,0.013,+0.004,114.7,-0.83
ERIE,Erie Indemnity,core,Insurance Brokers,金融,1.530,0.03,4628145,3025891,0.016,0.013,+0.003,228.9,-8.43
SMG,Scotts Miracle-Gro Company (The,hot,,不明,1.517,-0.09,4124015,2717857,0.014,0.014,+0.000,71.1,+8.90
HAS,Hasbro,core,Leisure Products,一般消費財,1.515,0.17,8457181,5581240,0.028,0.022,+0.007,80.8,+4.66
VMC,Vulcan Materials Company,core,Construction Materials,素材,1.514,-0.08,13072141,8632865,0.044,0.042,+0.002,287.7,+0.66
DD,DuPont,core,Specialty Chemicals,素材,1.513,0.07,8114300,5364248,0.027,0.022,+0.005,134.3,-2.82
OTIS,Otis Worldwide,core,Industrial Machinery & Supplies & Components,資本財,1.512,0.13,15097951,9985268,0.051,0.040,+0.011,73.1,+1.27
CRWV,"CoreWeave, Inc. Class A Common Stock",leader,,不明,1.511,0.31,153012365,101236779,0.515,0.371,+0.144,72.5,-23.16
BMNR,"BitMine Immersion Technologies,",hot,,不明,1.509,0.08,36694166,24322799,0.123,0.101,+0.023,15.6,+6.36
MCHP,Microchip Technology,leader,Semiconductors,半導体,1.508,0.02,43857622,29084170,0.147,0.126,+0.022,80.7,-9.07
APA,APA Corporation,core,Oil & Gas Exploration & Production,エネルギー,1.507,0.05,10844619,7195739,0.036,0.031,+0.006,35.0,+1.01
NSC,Norfolk Southern,core,Rail Transportation,資本財,1.506,0.23,18337926,12180393,0.062,0.045,+0.017,340.1,+5.81
PGR,Progressive Corporation,core,Property & Casualty Insurance,金融,1.505,-0.10,41285161,27438481,0.139,0.134,+0.005,208.3,-9.89
BALL,Ball Corporation,core,"Metal, Glass & Plastic Containers",素材,1.504,0.09,5987892,3981094,0.020,0.016,+0.004,62.4,+3.50
AEE,Ameren,core,Multi-Utilities,公益事業,1.494,0.03,8240340,5517190,0.028,0.023,+0.004,111.7,-1.36
LDOS,Leidos,core,Diversified Support Services,資本財,1.487,0.07,9447085,6352596,0.032,0.026,+0.006,106.4,+1.38
HUBB,Hubbell Incorporated,core,Industrial Machinery & Supplies & Components,資本財,1.479,0.21,12621659,8532502,0.042,0.032,+0.011,484.0,-1.65
CCI,Crown Castle,core,Telecom Tower REITs,不動産,1.478,0.26,18843542,12748644,0.063,0.047,+0.016,79.2,+3.45
ICE,Intercontinental Exchange,core,Financial Exchanges & Data,金融,1.475,0.20,28957537,19636124,0.097,0.075,+0.023,139.7,+4.54
TGT,Target Corporation,core,Consumer Staples Merchandise Retail,生活必需品,1.472,0.12,36988858,25127751,0.124,0.098,+0.026,139.6,+6.03
JOBY,"Joby Aviation, Inc.",hot,,不明,1.470,0.62,37542571,25532981,0.126,0.083,+0.043,7.3,-8.45
DHR,Danaher Corporation,core,Life Sciences Tools & Services,ヘルスケア,1.469,0.32,55686280,37910023,0.187,0.134,+0.053,204.7,+7.44
ERAS,"Erasca, Inc.",hot,,不明,1.467,0.22,8966620,6113308,0.030,0.022,+0.008,19.0,+0.64
AMP,Ameriprise Financial,core,Asset Management & Custody Banks,金融,1.461,0.13,17897685,12250904,0.060,0.047,+0.013,527.9,+7.60
EOG,EOG Resources,core,Oil & Gas Exploration & Production,エネルギー,1.461,0.18,23185620,15874734,0.078,0.060,+0.018,139.7,+2.24
CPT,Camden Property Trust,core,Multi-Family Residential REITs,不動産,1.458,-0.02,7122872,4885581,0.024,0.021,+0.003,112.5,-1.73
WY,Weyerhaeuser,core,Timber REITs,不動産,1.457,0.17,7548298,5181337,0.025,0.020,+0.006,24.2,+7.25
RVTY,Revvity,core,Health Care Equipment,ヘルスケア,1.456,-0.11,6735757,4625587,0.023,0.022,+0.001,109.7,+0.32
PSKY,Paramount Skydance Corporation,core,Movies & Entertainment,コミュニケーション・サービス,1.454,0.18,7354489,5057370,0.025,0.019,+0.006,8.7,-6.78
RH,RH,hot,,不明,1.453,-0.03,8810245,6063861,0.030,0.026,+0.003,186.1,+15.67
TTD,Trade Desk (The),core,Advertising,コミュニケーション・サービス,1.451,0.09,13479645,9288274,0.045,0.037,+0.008,18.6,+0.00
WELL,Welltower,core,Health Care REITs,不動産,1.450,0.09,32361727,22320479,0.109,0.089,+0.020,243.6,+4.67
MAS,Masco,core,Building Products,資本財,1.448,0.13,9145570,6316260,0.031,0.024,+0.007,78.7,+3.04
PKG,Packaging Corporation of America,core,Paper & Plastic Packaging Products & Materials,素材,1.447,0.25,7683271,5309600,0.026,0.019,+0.006,230.9,+2.31
WSM,"Williams-Sonoma, Inc.",core,Homefurnishing Retail,一般消費財,1.446,0.14,12863701,8895607,0.043,0.034,+0.009,227.5,+3.42
SW,Smurfit Westrock,core,Paper & Plastic Packaging Products & Materials,素材,1.439,0.14,8904461,6188100,0.030,0.024,+0.006,44.0,+2.51
SNA,Snap-on,core,Industrial Machinery & Supplies & Components,資本財,1.438,0.00,6432407,4474609,0.022,0.019,+0.003,409.1,+1.20
IBKR,Interactive Brokers,core,Investment Banking & Brokerage,金融,1.436,0.26,21458149,14938603,0.072,0.054,+0.018,90.3,-4.66
TSCO,Tractor Supply,core,Other Specialty Retail,一般消費財,1.434,0.02,16698224,11641030,0.056,0.048,+0.008,30.4,+4.91
MAA,Mid-America Apartment Communities,core,Multi-Family Residential REITs,不動産,1.432,-0.03,7114803,4967879,0.024,0.021,+0.002,132.5,-4.27
FE,FirstEnergy,core,Electric Utilities,公益事業,1.432,-0.12,9538552,6663089,0.032,0.034,-0.002,48.6,+1.27
KMI,Kinder Morgan,core,Oil & Gas Storage & Transportation,エネルギー,1.431,0.18,14094854,9846634,0.047,0.037,+0.011,32.3,-0.69
MPWR,Monolithic Power Systems,leader,Semiconductors,半導体,1.431,0.09,55551670,38816282,0.187,0.151,+0.035,1302.9,-6.89
BKR,Baker Hughes,leader,Oil & Gas Equipment & Services,エネルギー,1.430,0.19,25332051,17717765,0.085,0.066,+0.019,56.0,-2.44
WM,Waste Management,core,Environmental & Facilities Services,資本財,1.426,0.22,24457097,17153308,0.082,0.063,+0.020,239.0,+3.29
PTC,PTC Inc.,core,Application Software,情報技術,1.419,0.15,9890503,6971358,0.033,0.026,+0.007,125.1,+4.82
VZ,Verizon,core,Integrated Telecommunication Services,コミュニケーション・サービス,1.416,0.14,71082379,50193278,0.239,0.191,+0.048,43.8,+3.98
WAB,Wabtec,core,Construction Machinery & Heavy Transportation Equipment,資本財,1.414,0.09,10132224,7163510,0.034,0.028,+0.006,262.2,-0.82
C,Citigroup,core,Diversified Banks,金融,1.409,-0.09,113840511,80804581,0.383,0.361,+0.022,129.2,-6.83
GEV,GE Vernova,core,Heavy Electrical Equipment,資本財,1.408,0.33,180911761,128445608,0.608,0.452,+0.157,1051.2,-4.76
MAR,Marriott International,leader,"Hotels, Resorts & Cruise Lines",一般消費財,1.405,0.11,32380360,23044781,0.109,0.088,+0.021,364.9,-1.42
ABNB,Airbnb,leader,"Hotels, Resorts & Cruise Lines",一般消費財,1.398,0.08,28019041,20045233,0.094,0.078,+0.016,146.6,+3.21
ROST,Ross Stores,leader,Apparel Retail,一般消費財,1.397,0.06,27428384,19638815,0.092,0.077,+0.015,232.9,+6.59
ALB,Albemarle Corporation,core,Specialty Chemicals,素材,1.393,0.09,13255516,9512749,0.045,0.037,+0.008,120.3,-7.66
FANG,Diamondback Energy,leader,Oil & Gas Exploration & Production,エネルギー,1.393,0.06,19713626,14150326,0.066,0.055,+0.011,195.0,+5.64
BMY,Bristol Myers Squibb,core,Pharmaceuticals,ヘルスケア,1.391,-0.16,31728806,22810528,0.107,0.110,-0.004,60.9,+6.22
DGX,Quest Diagnostics,core,Health Care Services,ヘルスケア,1.391,0.06,10235823,7361157,0.034,0.028,+0.006,210.6,+1.89
GWW,W. W. Grainger,core,Industrial Machinery & Supplies & Components,資本財,1.388,0.16,22822598,16445968,0.077,0.060,+0.017,1387.4,+1.29
PAYX,Paychex,leader,Human Resource & Employment Services,資本財,1.386,0.02,17690612,12763780,0.059,0.051,+0.008,114.1,+9.11
AVY,Avery Dennison,core,Paper & Plastic Packaging Products & Materials,素材,1.384,0.05,5861414,4235274,0.020,0.016,+0.003,159.9,+1.11
HON,Honeywell Technologies,leader,Industrial Conglomerates,資本財,1.383,0.22,36997027,26742521,0.124,0.095,+0.030,225.2,+1.20
GEHC,GE HealthCare,leader,Health Care Equipment,ヘルスケア,1.383,-0.03,21693355,15685988,0.073,0.065,+0.008,62.9,-1.92
LH,Labcorp,core,Health Care Services,ヘルスケア,1.383,0.01,8906940,6441658,0.030,0.026,+0.004,282.8,+1.96
JNJ,Johnson & Johnson,core,Pharmaceuticals,ヘルスケア,1.374,0.01,122308652,88993740,0.411,0.357,+0.055,253.3,-2.83
CHRW,C.H. Robinson,core,Air Freight & Logistics,資本財,1.373,-0.12,19148398,13946333,0.064,0.063,+0.001,207.2,+8.41
LHX,L3Harris,core,Aerospace & Defense,資本財,1.370,0.03,14410605,10518341,0.048,0.042,+0.007,282.9,-3.69
SRE,Sempra,core,Multi-Utilities,公益事業,1.369,-0.09,10408688,7602577,0.035,0.034,+0.001,92.4,-3.27
AOS,A. O. Smith,core,Building Products,資本財,1.362,0.17,7115615,5226082,0.024,0.019,+0.005,58.7,-1.67
PM,Philip Morris International,core,Tobacco,生活必需品,1.360,-0.01,41692760,30663331,0.140,0.124,+0.016,192.1,+3.01
MNST,Monster Beverage,leader,Soft Drinks & Non-alcoholic Beverages,生活必需品,1.359,-0.08,26740912,19680591,0.090,0.084,+0.006,97.3,+2.19
APO,Apollo Global Management,core,Asset Management & Custody Banks,金融,1.357,-0.18,26730617,19692194,0.090,0.098,-0.008,119.9,+0.65
XYL,Xylem Inc.,core,Industrial Machinery & Supplies & Components,資本財,1.356,0.03,12592458,9284817,0.042,0.036,+0.006,123.3,+3.56
SWK,Stanley Black & Decker,core,Industrial Machinery & Supplies & Components,資本財,1.354,-0.00,5555575,4103572,0.019,0.016,+0.002,89.5,+2.76
PPL,PPL Corporation,core,Electric Utilities,公益事業,1.352,-0.01,10528583,7787005,0.035,0.031,+0.004,35.8,-0.49
CBOE,Cboe Global Markets,core,Financial Exchanges & Data,金融,1.352,-0.01,15993600,11832368,0.054,0.047,+0.007,275.9,+5.00
SPG,Simon Property Group,core,Retail REITs,不動産,1.344,-0.08,15747110,11717293,0.053,0.050,+0.003,227.6,+3.64
TPR,"Tapestry, Inc.",core,"Apparel, Accessories & Luxury Goods",一般消費財,1.341,-0.04,16768491,12503043,0.056,0.051,+0.006,141.5,+0.91
IRM,Iron Mountain,core,Other Specialized REITs,不動産,1.340,-0.13,15205411,11349613,0.051,0.051,+0.001,123.8,+6.26
ABBV,AbbVie,core,Biotechnology,ヘルスケア,1.339,0.13,77358676,57758139,0.260,0.208,+0.052,256.6,+2.22
GL,Globe Life,core,Life & Health Insurance,金融,1.336,-0.03,5193674,3886450,0.017,0.016,+0.002,184.8,+3.70
HSIC,Henry Schein,core,Health Care Distributors,ヘルスケア,1.328,-0.06,5968459,4494476,0.020,0.018,+0.002,87.5,+5.26
ITW,Illinois Tool Works,core,Industrial Machinery & Supplies & Components,資本財,1.325,-0.03,18211951,13740823,0.061,0.055,+0.007,275.8,+3.35
Q,Qnity Electronics,core,Semiconductor Materials & Equipment,半導体,1.325,-0.03,14925705,11261736,0.050,0.045,+0.005,136.7,-8.87
ADP,Automatic Data Processing,leader,Human Resource & Employment Services,資本財,1.325,0.09,28368207,21407581,0.095,0.077,+0.018,255.0,+7.84
PYPL,PayPal,leader,Transaction & Payment Processing Services,金融,1.324,-0.14,68417218,51662537,0.230,0.286,-0.056,56.8,+28.86
AAL,"American Airlines Group, Inc.",hot,,不明,1.324,0.73,235129298,177559165,0.791,0.526,+0.265,15.0,-10.28
AMAT,Applied Materials,leader,Semiconductor Materials & Equipment,半導体,1.322,-0.10,263505737,199331936,0.886,0.839,+0.048,527.3,-14.93
SYF,Synchrony Financial,core,Consumer Finance,金融,1.321,-0.03,14078569,10658789,0.047,0.042,+0.005,73.5,+5.97
EVRG,Evergy,core,Electric Utilities,公益事業,1.317,-0.15,8909243,6766493,0.030,0.030,-0.001,85.6,-0.47
VRSN,Verisign,core,Internet Services & Infrastructure,情報技術,1.316,0.27,11597783,8812086,0.039,0.029,+0.010,276.3,+4.24
SKHY,SK hynix Inc. - American Depos,hot,,不明,1.316,0.02,818748320,622122569,2.753,1.685,+1.068,154.6,-0.16
MTD,Mettler Toledo,core,Life Sciences Tools & Services,ヘルスケア,1.315,0.02,8456892,6431948,0.028,0.024,+0.004,1310.1,+4.25
FOX,Fox Corporation (Class B),core,Broadcasting,コミュニケーション・サービス,1.313,-0.06,3007661,2291081,0.010,0.009,+0.001,51.5,+7.86
EG,Everest Group,core,Reinsurance,金融,1.312,0.19,7381271,5624916,0.025,0.019,+0.006,381.0,+2.14
ATO,Atmos Energy,core,Gas Utilities,公益事業,1.308,-0.16,8594946,6571795,0.029,0.030,-0.001,177.5,+0.35
CMCSA,Comcast,leader,Cable & Satellite,コミュニケーション・サービス,1.308,0.10,41929533,32064004,0.141,0.115,+0.026,23.9,+3.97
CTSH,Cognizant,core,IT Consulting & Other Services,情報技術,1.308,0.10,23207903,17749511,0.078,0.064,+0.014,44.8,+8.21
TRI,Thomson Reuters Corporation Common Shares,leader,,不明,1.304,0.02,14202043,10891684,0.048,0.041,+0.007,96.7,+10.49
PATH,"UiPath, Inc.",hot,,不明,1.303,0.63,98687180,75748611,0.332,0.228,+0.104,12.1,+9.52
AVB,AvalonBay Communities,core,Multi-Family Residential REITs,不動産,1.298,-0.16,7448349,5738075,0.025,0.025,-0.000,191.8,+0.99
ARES,Ares Management,core,Asset Management & Custody Banks,金融,1.298,-0.09,11496328,8859583,0.039,0.037,+0.002,124.8,+5.72
UBER,Uber,core,Passenger Ground Transportation,資本財,1.293,-0.02,67403428,52113535,0.227,0.201,+0.026,73.0,-0.23
ESS,Essex Property Trust,core,Multi-Family Residential REITs,不動産,1.292,-0.13,6756013,5229091,0.023,0.022,+0.001,292.8,+0.41
CSX,CSX Corporation,leader,Rail Transportation,資本財,1.290,0.04,31705357,24568296,0.107,0.090,+0.017,50.5,+2.58
EFX,Equifax,core,Research & Consulting Services,資本財,1.289,-0.07,10393361,8060783,0.035,0.033,+0.002,176.6,+6.09
COST,Costco,leader,Consumer Staples Merchandise Retail,生活必需品,1.289,-0.24,105713621,82032252,0.355,0.385,-0.030,939.0,+0.91
VLO,Valero Energy,core,Oil & Gas Refining & Marketing,エネルギー,1.287,-0.17,42203697,32780441,0.142,0.144,-0.002,306.9,+8.15
HPQ,HP Inc.,core,"Technology Hardware, Storage & Peripherals",情報技術,1.281,0.02,23814292,18593561,0.080,0.069,+0.011,24.7,+3.65
OKE,Oneok,core,Oil & Gas Storage & Transportation,エネルギー,1.278,-0.01,15738913,12317934,0.053,0.047,+0.006,93.4,+2.67
KHC,Kraft Heinz,leader,Packaged Foods & Meats,生活必需品,1.278,-0.07,15510924,12139939,0.052,0.048,+0.004,25.9,+4.86
MRK,Merck & Co.,core,Pharmaceuticals,ヘルスケア,1.276,-0.09,59644760,46755212,0.201,0.191,+0.010,127.5,+1.34
ULTA,Ulta Beauty,core,Other Specialty Retail,一般消費財,1.275,0.07,15104019,11846736,0.051,0.042,+0.009,480.7,+5.17
MKC,McCormick & Company,core,Packaged Foods & Meats,生活必需品,1.274,-0.06,10269395,8062184,0.035,0.032,+0.003,52.0,+2.24
CRWD,CrowdStrike,leader,Systems Software,情報技術,1.273,-0.07,100521537,78947193,0.338,0.312,+0.026,201.8,+7.45
TT,Trane Technologies,core,Building Products,資本財,1.271,-0.16,27544104,21665680,0.093,0.094,-0.001,469.3,-2.70
CPRT,Copart,leader,Diversified Support Services,資本財,1.268,0.03,18554684,14633388,0.062,0.053,+0.009,27.7,-2.04
SJM,J.M. Smucker Company (The),core,Packaged Foods & Meats,生活必需品,1.268,-0.12,8054786,6354051,0.027,0.026,+0.001,111.6,+0.84
LYB,LyondellBasell,core,Specialty Chemicals,素材,1.266,-0.10,13907046,10987382,0.047,0.044,+0.002,59.1,+6.52
ES,Eversource Energy,core,Electric Utilities,公益事業,1.264,-0.10,6451914,5102844,0.022,0.021,+0.001,74.5,+0.67
EL,Estée Lauder Companies (The),core,Personal Care Products,生活必需品,1.254,-0.11,8365013,6668311,0.028,0.027,+0.001,82.3,+0.86
PLD,Prologis,core,Industrial REITs,不動産,1.253,-0.02,30153422,24056403,0.101,0.090,+0.011,148.7,+5.44
REGN,Regeneron Pharmaceuticals,leader,Biotechnology,ヘルスケア,1.252,-0.03,21771983,17391300,0.073,0.065,+0.008,675.1,+2.09
PANW,Palo Alto Networks,leader,Systems Software,情報技術,1.252,-0.07,130621836,104348908,0.439,0.402,+0.037,355.5,+11.10
FIX,Comfort Systems USA,core,Construction & Engineering,資本財,1.251,-0.12,43347831,34649098,0.146,0.139,+0.007,1654.0,-6.87
CCEP,Coca-Cola Europacific Partners plc Ordinary Shares,leader,,不明,1.250,-0.18,7975696,6381744,0.027,0.028,-0.001,104.8,+0.35
CPAY,Corpay,core,Transaction & Payment Processing Services,金融,1.250,-0.14,6396834,5119471,0.022,0.022,-0.000,366.8,+6.57
BRO,Brown & Brown,core,Insurance Brokers,金融,1.245,-0.19,7717415,6200218,0.026,0.030,-0.004,69.3,+2.65
SBAC,SBA Communications,core,Telecom Tower REITs,不動産,1.244,-0.24,7350241,5907900,0.025,0.029,-0.004,186.0,+2.87
CB,Chubb Limited,core,Property & Casualty Insurance,金融,1.240,-0.08,33520393,27022218,0.113,0.105,+0.008,351.8,-0.54
RTX,RTX Corporation,core,Aerospace & Defense,資本財,1.240,-0.12,32001963,25805324,0.108,0.104,+0.004,194.0,-0.15
HST,Host Hotels & Resorts,core,Hotel & Resort REITs,不動産,1.238,-0.17,8740274,7057444,0.029,0.030,-0.001,23.7,+3.42
SOFI,"SoFi Technologies, Inc.",hot,,不明,1.238,0.36,128624335,103935626,0.433,0.327,+0.105,17.3,-2.77
EQR,Equity Residential,core,Multi-Family Residential REITs,不動産,1.236,-0.13,7335061,5932632,0.025,0.024,+0.000,68.9,+0.32
UDR,"UDR, Inc.",core,Multi-Family Residential REITs,不動産,1.236,-0.17,4848782,3922792,0.016,0.017,-0.001,39.7,-0.36
EA,Electronic Arts,leader,Interactive Home Entertainment,コミュニケーション・サービス,1.236,-0.21,21213415,17162554,0.071,0.089,-0.017,209.0,+1.93
AON,Aon plc,core,Insurance Brokers,金融,1.235,-0.13,20979355,16984258,0.071,0.068,+0.003,367.9,+3.76
YMM,Full Truck Alliance Co. Ltd.,hot,,不明,1.234,-0.20,3450451,2796255,0.012,0.012,-0.001,9.1,+5.87
COMP,"Compass, Inc.",hot,,不明,1.230,-0.15,7005951,5694768,0.024,0.024,-0.001,11.9,+4.67
NI,NiSource,core,Multi-Utilities,公益事業,1.228,-0.14,9798924,7977985,0.033,0.033,+0.000,45.9,-2.38
MAAS,Maase Inc.,hot,,不明,1.228,-0.34,137685,112126,0.000,0.001,-0.000,19.6,+28.28
GPC,Genuine Parts Company,core,Distributors,一般消費財,1.227,-0.18,9754828,7953160,0.033,0.034,-0.001,124.1,-1.03
TER,Teradyne,leader,Semiconductor Materials & Equipment,半導体,1.226,-0.10,52896675,43129489,0.178,0.169,+0.009,320.7,-15.34
IFF,International Flavors & Fragrances,core,Specialty Chemicals,素材,1.226,-0.06,6449020,5259915,0.022,0.020,+0.002,77.6,-1.55
MRSH,Marsh McLennan,core,Insurance Brokers,金融,1.226,-0.03,18812133,15350042,0.063,0.056,+0.007,182.4,+2.78
TMUS,T-Mobile US,leader,Wireless Telecommunication Services,コミュニケーション・サービス,1.225,-0.13,35528489,29010435,0.119,0.117,+0.003,192.6,+8.32
FLEX,Flex Ltd.,core,Electronic Manufacturing Services,情報技術,1.225,-0.01,29274232,23906510,0.098,0.086,+0.012,118.3,-15.38
MOS,Mosaic Company (The),core,Fertilizers & Agricultural Chemicals,素材,1.219,-0.09,9177707,7530579,0.031,0.029,+0.002,22.2,+6.57
LMT,Lockheed Martin,core,Aerospace & Defense,資本財,1.213,-0.19,21509291,17729986,0.072,0.073,-0.001,509.8,-2.57
CRL,Charles River Laboratories,core,Life Sciences Tools & Services,ヘルスケア,1.211,-0.06,10422143,8603477,0.035,0.032,+0.003,224.3,-0.01
PHM,PulteGroup,core,Homebuilding,一般消費財,1.204,-0.16,8234031,6841108,0.028,0.028,-0.000,125.7,+1.45
NOC,Northrop Grumman,core,Aerospace & Defense,資本財,1.202,-0.13,22158112,18429518,0.075,0.074,+0.000,524.1,-2.72
WST,West Pharmaceutical Services,core,Health Care Supplies,ヘルスケア,1.200,-0.19,9916351,8262380,0.033,0.034,-0.001,359.4,+1.15
HLT,Hilton Worldwide,core,"Hotels, Resorts & Cruise Lines",一般消費財,1.199,-0.25,33436820,27888609,0.112,0.136,-0.024,320.7,-4.19
BR,Broadridge Financial Solutions,core,Data Processing & Outsourced Services,資本財,1.194,-0.08,7359723,6165165,0.025,0.023,+0.002,150.6,+4.24
CFG,Citizens Financial Group,core,Regional Banks,金融,1.193,-0.15,19819753,16619787,0.067,0.068,-0.001,72.0,+3.99
DRI,Darden Restaurants,core,Restaurants,一般消費財,1.189,-0.23,13735109,11552980,0.046,0.051,-0.005,198.9,-1.29
MDLZ,Mondelez International,leader,Packaged Foods & Meats,生活必需品,1.188,-0.23,20740163,17454372,0.070,0.072,-0.002,61.0,+3.82
XEL,Xcel Energy,leader,Multi-Utilities,公益事業,1.186,-0.19,18796518,15842845,0.063,0.067,-0.004,78.9,-0.94
CSCO,Cisco,leader,Communications Equipment,情報技術,1.185,-0.13,131171696,110708629,0.441,0.422,+0.019,112.1,-3.14
PWR,Quanta Services,core,Construction & Engineering,資本財,1.185,-0.11,31955500,26972724,0.107,0.101,+0.006,630.8,-8.58
LULU,Lululemon Athletica,core,"Apparel, Accessories & Luxury Goods",一般消費財,1.185,-0.13,16682085,14082870,0.056,0.053,+0.003,116.8,+3.20
DOC,Healthpeak Properties,core,Health Care REITs,不動産,1.184,-0.14,5780566,4881783,0.019,0.019,+0.000,22.4,+2.54
TXN,Texas Instruments,leader,Semiconductors,半導体,1.183,-0.22,81141544,68592475,0.273,0.285,-0.012,283.5,-8.91
SLB,Schlumberger,core,Oil & Gas Equipment & Services,エネルギー,1.181,-0.05,23193556,19637866,0.078,0.070,+0.008,47.0,-1.21
CMI,Cummins,core,Construction Machinery & Heavy Transportation Equipment,資本財,1.179,-0.14,27966060,23710561,0.094,0.092,+0.002,645.1,-5.69
NXPI,NXP Semiconductors,leader,Semiconductors,半導体,1.177,-0.19,35185385,29887646,0.118,0.124,-0.006,266.0,-9.17
STE,Steris,core,Health Care Equipment,ヘルスケア,1.177,-0.18,7519954,6388840,0.025,0.027,-0.002,217.6,+4.59
APP,AppLovin,leader,Application Software,情報技術,1.175,-0.04,188656350,160543387,0.634,0.565,+0.070,422.0,-16.17
AAPL,Apple Inc.,leader,"Technology Hardware, Storage & Peripherals",情報技術,1.173,-0.07,905645576,771870483,3.045,2.795,+0.251,333.0,+7.64
WDAY,"Workday, Inc.",leader,Application Software,情報技術,1.169,-0.12,27642194,23653954,0.093,0.089,+0.004,144.6,+10.39
DECK,Deckers Brands,core,Footwear,一般消費財,1.168,-0.14,9121435,7807798,0.031,0.030,+0.001,106.3,+3.07
WAT,Waters Corporation,core,Life Sciences Tools & Services,ヘルスケア,1.166,-0.22,10430230,8944790,0.035,0.038,-0.003,369.2,-1.13
DLTR,Dollar Tree,core,Consumer Staples Merchandise Retail,生活必需品,1.165,-0.27,13642062,11707187,0.046,0.052,-0.006,126.5,+2.47
PODD,Insulet Corporation,core,Health Care Equipment,ヘルスケア,1.165,-0.20,11458289,9833791,0.039,0.041,-0.002,163.7,+4.45
FAST,Fastenal,leader,Trading Companies & Distributors,資本財,1.160,-0.22,24912754,21481792,0.084,0.091,-0.007,45.4,-2.95
GILD,Gilead Sciences,leader,Biotechnology,ヘルスケア,1.160,-0.10,39707884,34241830,0.134,0.125,+0.009,134.6,-0.41
EMR,Emerson Electric,core,Electrical Components & Equipment,資本財,1.151,-0.21,15245554,13246019,0.051,0.053,-0.002,139.2,+0.97
IR,Ingersoll Rand,core,Industrial Machinery & Supplies & Components,資本財,1.149,-0.25,13555740,11802170,0.046,0.053,-0.008,82.2,+5.25
YUM,Yum! Brands,core,Restaurants,一般消費財,1.148,-0.23,26178076,22800155,0.088,0.099,-0.011,149.0,-9.91
GM,General Motors,core,Automobile Manufacturers,一般消費財,1.148,-0.11,17571015,15306741,0.059,0.057,+0.002,76.4,-0.20
AEHR,Aehr Test Systems,hot,,不明,1.148,-0.27,11453877,9981367,0.039,0.078,-0.040,80.2,+2.83
ARE,Alexandria Real Estate Equities,core,Office REITs,不動産,1.146,-0.22,2941793,2566898,0.010,0.010,-0.000,50.0,+3.86
USB,U.S. Bancorp,core,Diversified Banks,金融,1.145,-0.26,24885062,21742629,0.084,0.091,-0.008,63.3,+3.00
CDW,CDW Corporation,core,Technology Distributors,情報技術,1.144,-0.18,13486886,11789908,0.045,0.047,-0.002,132.5,-2.86
DXCM,Dexcom,leader,Health Care Equipment,ヘルスケア,1.143,-0.30,14768904,12918861,0.050,0.057,-0.008,76.4,+4.50
VICI,Vici Properties,core,Hotel & Resort REITs,不動産,1.142,-0.19,9840309,8618538,0.033,0.034,-0.001,26.8,+3.53
INVH,Invitation Homes,core,Single-Family Residential REITs,不動産,1.142,-0.23,4361748,3820478,0.015,0.017,-0.002,30.0,+1.01
ALL,Allstate,core,Property & Casualty Insurance,金融,1.142,-0.23,20197856,17691966,0.068,0.074,-0.006,249.4,-0.40
WBD,Warner Bros. Discovery,leader,Broadcasting,コミュニケーション・サービス,1.141,-0.26,27411037,24013362,0.092,0.109,-0.017,26.9,+3.49
MSFT,Microsoft,leader,Systems Software,情報技術,1.140,-0.17,648535080,568730822,2.181,2.124,+0.057,395.0,+5.50
ALNY,"Alnylam Pharmaceuticals, Inc.",leader,,不明,1.138,-0.23,30550445,26846625,0.103,0.140,-0.038,269.1,-28.31
FIS,Fidelity National Information Services,core,Transaction & Payment Processing Services,金融,1.137,-0.19,9759357,8586672,0.033,0.033,+0.000,42.1,+4.54
WMB,Williams Companies,core,Oil & Gas Storage & Transportation,エネルギー,1.136,-0.14,25990406,22877224,0.087,0.085,+0.003,73.2,-3.33
EME,Emcor,core,Construction & Engineering,資本財,1.134,-0.07,16995386,14990604,0.057,0.052,+0.005,738.2,-6.91
MMM,3M,core,Industrial Conglomerates,資本財,1.133,-0.15,20455780,18055874,0.069,0.068,+0.001,160.2,+2.68
PNC,PNC Financial Services,core,Diversified Banks,金融,1.131,-0.26,24915485,22033575,0.084,0.096,-0.012,252.2,+1.83
UHS,Universal Health Services,core,Health Care Facilities,ヘルスケア,1.124,-0.24,5478456,4872877,0.018,0.021,-0.003,151.2,-2.82
PPG,PPG Industries,core,Specialty Chemicals,素材,1.124,-0.19,7516570,6688866,0.025,0.026,-0.001,117.3,+2.13
CBRE,CBRE Group,core,Real Estate Services,不動産,1.124,-0.19,9065722,8068438,0.030,0.031,-0.001,140.7,+1.21
EXR,Extra Space Storage,core,Self-Storage REITs,不動産,1.121,-0.26,5247869,4679708,0.018,0.021,-0.003,148.0,+2.68
PCG,PG&E Corporation,core,Multi-Utilities,公益事業,1.118,-0.24,10498323,9387152,0.035,0.037,-0.002,17.3,+1.20
T,AT&T,core,Integrated Telecommunication Services,コミュニケーション・サービス,1.118,0.02,95146463,85111153,0.320,0.276,+0.044,21.8,+4.63
IQV,IQVIA,core,Life Sciences Tools & Services,ヘルスケア,1.116,-0.11,12376886,11089480,0.042,0.040,+0.002,206.5,+1.64
ODFL,Old Dominion,leader,Cargo Ground Transportation,資本財,1.113,-0.27,16028947,14399802,0.054,0.059,-0.005,234.2,+6.19
FDX,FedEx,core,Air Freight & Logistics,資本財,1.112,-0.28,22801210,20496586,0.077,0.091,-0.014,313.3,-0.45
MESO,Mesoblast Limited,hot,,不明,1.110,-0.31,344345,310303,0.001,0.002,-0.000,17.3,+17.45
KIM,Kimco Realty,core,Retail REITs,不動産,1.108,-0.19,4006534,3615557,0.013,0.014,-0.000,26.1,+3.80
O,Realty Income,core,Retail REITs,不動産,1.107,-0.18,15516256,14011239,0.052,0.052,+0.000,65.6,+3.52
KKR,KKR & Co.,core,Asset Management & Custody Banks,金融,1.107,-0.37,16039328,14488349,0.054,0.069,-0.015,100.8,+8.28
AES,AES Corporation,core,Independent Power Producers & Energy Traders,公益事業,1.106,-0.32,5125560,4635213,0.017,0.028,-0.011,14.8,+1.02
TPL,Texas Pacific Land Corporation,core,Oil & Gas Exploration & Production,エネルギー,1.103,-0.14,5025506,4555782,0.017,0.017,+0.000,408.3,+3.80
DVA,DaVita,core,Health Care Services,ヘルスケア,1.101,-0.22,6825396,6199598,0.023,0.024,-0.001,236.2,+1.75
NTAP,NetApp,core,"Technology Hardware, Storage & Peripherals",情報技術,1.098,-0.17,23558561,21456340,0.079,0.081,-0.002,162.5,-2.81
GD,General Dynamics,core,Aerospace & Defense,資本財,1.095,-0.30,12764325,11655370,0.043,0.049,-0.007,367.7,-1.17
MSI,Motorola Solutions,core,Communications Equipment,情報技術,1.095,-0.24,14556252,13294205,0.049,0.052,-0.003,412.7,-1.00
SHW,Sherwin-Williams,core,Specialty Chemicals,素材,1.094,-0.16,20970484,19163732,0.071,0.073,-0.003,331.0,-0.55
ALLE,Allegion,core,Building Products,資本財,1.092,-0.21,7579574,6944001,0.025,0.027,-0.002,136.9,+1.62
RCL,Royal Caribbean Group,core,"Hotels, Resorts & Cruise Lines",一般消費財,1.087,-0.21,30341911,27914023,0.102,0.108,-0.006,287.0,+1.37
BRK-B,Berkshire Hathaway,core,Multi-Sector Holdings,金融,1.086,-0.28,81431827,74983110,0.274,0.324,-0.050,491.0,-0.73
HUM,Humana,core,Managed Health Care,ヘルスケア,1.073,-0.22,25679518,23922596,0.086,0.091,-0.005,396.4,+0.16
MD,"Pediatrix Medical Group, Inc.",hot,,不明,1.072,-0.24,1019633,951448,0.003,0.004,-0.001,26.1,-2.60
ON,ON Semiconductor,core,Semiconductors,半導体,1.071,-0.34,36781948,34328387,0.124,0.151,-0.027,87.2,-11.65
HCA,HCA Healthcare,core,Health Care Facilities,ヘルスケア,1.071,-0.23,40781982,38063248,0.137,0.157,-0.020,372.7,-8.98
NKE,"Nike, Inc.",core,"Apparel, Accessories & Luxury Goods",一般消費財,1.070,-0.31,35529901,33191460,0.119,0.132,-0.012,43.7,+3.30
AEP,American Electric Power,leader,Electric Utilities,公益事業,1.069,-0.27,21212885,19839770,0.071,0.083,-0.012,132.1,-2.92
CLSK,"CleanSpark, Inc.",hot,,不明,1.069,-0.26,19515927,18259291,0.066,0.086,-0.020,12.8,-1.42
PG,Procter & Gamble,core,Personal Care Products,生活必需品,1.067,-0.33,36149534,33877554,0.122,0.150,-0.028,149.8,+2.07
GEN,Gen Digital,core,Systems Software,情報技術,1.065,-0.26,3809607,3576967,0.013,0.014,-0.001,26.7,+5.56
NDAQ,"Nasdaq, Inc.",core,Financial Exchanges & Data,金融,1.063,-0.40,15052059,14154503,0.051,0.074,-0.024,91.7,+9.39
MET,MetLife,core,Life & Health Insurance,金融,1.062,-0.18,11390165,10723754,0.038,0.039,-0.000,94.1,+3.75
EQIX,Equinix,core,Data Center REITs,不動産,1.062,-0.19,21112334,19878328,0.071,0.069,+0.002,1018.4,-0.79
ELV,Elevance Health,core,Managed Health Care,ヘルスケア,1.057,-0.20,38433059,36355123,0.129,0.143,-0.014,369.7,-11.70
CINF,Cincinnati Financial,core,Property & Casualty Insurance,金融,1.057,-0.21,7996133,7564831,0.027,0.033,-0.006,180.1,-1.12
DASH,DoorDash,leader,Specialized Consumer Services,一般消費財,1.054,-0.27,28636394,27175548,0.096,0.107,-0.010,184.3,-1.55
REG,Regency Centers,core,Retail REITs,不動産,1.048,-0.29,3387881,3232391,0.011,0.015,-0.003,82.4,+3.02
KLAC,KLA Corporation,leader,Semiconductor Materials & Equipment,半導体,1.046,-0.29,102380366,97837752,0.344,0.386,-0.042,211.5,-11.33
ECL,Ecolab,core,Specialty Chemicals,素材,1.046,-0.31,10288175,9839111,0.035,0.040,-0.006,272.5,-0.52
SNAP,Snap Inc.,hot,,不明,1.042,-0.16,9537984,9154383,0.032,0.031,+0.001,4.5,-0.04
CHD,Church & Dwight,core,Household Products,生活必需品,1.039,-0.29,6689578,6438420,0.022,0.025,-0.003,97.6,+2.36
PEG,Public Service Enterprise Group,core,Electric Utilities,公益事業,1.039,-0.28,9838281,9472190,0.033,0.038,-0.005,78.7,-3.63
ORLY,O’Reilly Automotive,leader,Automotive Retail,一般消費財,1.038,-0.27,30908160,29782073,0.104,0.126,-0.022,86.0,+1.73
CIEN,Ciena,core,Communications Equipment,情報技術,1.037,-0.24,41256667,39775681,0.139,0.156,-0.017,374.6,-19.59
AEO,"American Eagle Outfitters, Inc.",hot,,不明,1.036,-0.32,3337886,3222101,0.011,0.014,-0.002,16.9,+3.81
SHOP,Shopify Inc. Class A subordinate voting shares,leader,,不明,1.034,-0.32,39924796,38620481,0.134,0.154,-0.020,123.3,+4.17
CSGP,CoStar Group,core,Real Estate Services,不動産,1.033,-0.23,11495565,11123477,0.039,0.041,-0.002,29.7,+3.62
CTAS,Cintas,leader,Diversified Support Services,資本財,1.029,-0.27,24418009,23728504,0.082,0.096,-0.014,203.1,+14.40
CL,Colgate-Palmolive,core,Household Products,生活必需品,1.029,-0.31,13527796,13149602,0.045,0.054,-0.008,92.9,+0.77
WMT,Walmart,leader,Consumer Staples Merchandise Retail,生活必需品,1.028,-0.27,93153421,90602843,0.313,0.332,-0.018,114.7,+2.70
IDXX,Idexx Laboratories,leader,Health Care Equipment,ヘルスケア,1.028,-0.36,17233475,16765024,0.058,0.067,-0.009,565.9,+2.82
AJG,Arthur J. Gallagher & Co.,core,Insurance Brokers,金融,1.027,-0.26,17252896,16794498,0.058,0.061,-0.003,254.6,+0.44
GE,GE Aerospace,core,Aerospace & Defense,資本財,1.027,-0.29,64523501,62832453,0.217,0.260,-0.043,349.2,-3.11
MDT,Medtronic,core,Health Care Equipment,ヘルスケア,1.025,-0.36,27874705,27191329,0.094,0.107,-0.013,83.2,+2.46
CNP,CenterPoint Energy,core,Multi-Utilities,公益事業,1.021,-0.35,10640091,10423638,0.036,0.046,-0.010,43.1,-1.95
WFC,Wells Fargo,core,Diversified Banks,金融,1.017,-0.28,76783742,75502855,0.258,0.296,-0.038,87.3,+1.41
AMT,American Tower,core,Telecom Tower REITs,不動産,1.016,-0.28,19337689,19036259,0.065,0.069,-0.004,169.9,+3.09
ROK,Rockwell Automation,core,Electrical Components & Equipment,資本財,1.011,-0.32,12976470,12832428,0.044,0.051,-0.007,459.6,-3.18
ADBE,Adobe Inc.,leader,Application Software,情報技術,1.008,-0.40,50251899,49872526,0.169,0.212,-0.043,237.7,+10.54
BSX,Boston Scientific,core,Health Care Equipment,ヘルスケア,1.005,-0.40,30506512,30340161,0.103,0.120,-0.018,44.0,-0.76
GNRC,Generac,core,Heavy Electrical Equipment,資本財,1.005,-0.30,9177040,9130750,0.031,0.037,-0.007,213.9,-12.13
DLR,Digital Realty,core,Data Center REITs,不動産,1.003,-0.32,21490876,21423692,0.072,0.081,-0.008,174.1,-1.92
KR,Kroger,core,Food Retail,生活必需品,1.000,-0.33,23471365,23478436,0.079,0.087,-0.008,58.9,-0.84
BA,Boeing,core,Aerospace & Defense,資本財,0.997,-0.35,36843069,36944464,0.124,0.143,-0.019,214.3,-4.65
XOM,ExxonMobil,core,Integrated Oil & Gas,エネルギー,0.997,-0.36,85483361,85734245,0.287,0.342,-0.054,147.4,+5.45
MU,Micron Technology,leader,Semiconductors,半導体,0.996,-0.30,2180675077,2188749989,7.333,8.151,-0.818,858.3,-15.23
TMO,Thermo Fisher Scientific,core,Life Sciences Tools & Services,ヘルスケア,0.996,-0.37,36837548,36985563,0.124,0.148,-0.024,534.0,+4.71
PSA,Public Storage,core,Self-Storage REITs,不動産,0.995,-0.21,13725633,13798765,0.046,0.049,-0.003,318.5,-1.02
DIS,Walt Disney Company (The),core,Movies & Entertainment,コミュニケーション・サービス,0.994,-0.45,40234994,40469272,0.135,0.163,-0.028,97.3,+0.98
NOK,Nokia Corporation Sponsored,hot,,不明,0.989,-0.36,59961219,60601860,0.202,0.242,-0.040,10.2,-18.06
CTVA,Corteva,core,Fertilizers & Agricultural Chemicals,素材,0.989,-0.34,9550638,9657792,0.032,0.041,-0.009,87.2,+3.03
ASML,ASML Holding NV,leader,,不明,0.988,-0.33,170243152,172379401,0.572,0.798,-0.225,1750.4,-4.71
IREN,IREN LIMITED,hot,,不明,0.987,-0.23,85445607,86568754,0.287,0.289,-0.001,33.4,-26.09
CF,CF Industries,core,Fertilizers & Agricultural Chemicals,素材,0.987,-0.24,12219642,12381392,0.041,0.042,-0.001,121.6,+4.07
PSX,Phillips 66,core,Oil & Gas Refining & Marketing,エネルギー,0.985,-0.35,22423659,22766929,0.075,0.085,-0.010,206.3,+9.36
JPM,JPMorgan Chase,core,Diversified Banks,金融,0.984,-0.35,117649254,119528181,0.396,0.493,-0.097,341.2,+2.59
LRCX,Lam Research,leader,Semiconductor Materials & Equipment,半導体,0.983,-0.26,156132679,158809551,0.525,0.566,-0.041,309.8,-13.98
MA,Mastercard,core,Transaction & Payment Processing Services,金融,0.981,-0.40,58172800,59307390,0.196,0.235,-0.039,542.6,+4.86
XYZ,"Block, Inc.",core,Transaction & Payment Processing Services,金融,0.979,-0.38,16106394,16450927,0.054,0.075,-0.021,80.1,+5.44
STLD,Steel Dynamics,core,Steel,素材,0.978,-0.35,10193952,10419456,0.034,0.039,-0.005,235.5,+2.44
FDXF,FedEx Freight,core,Cargo Ground Transportation,資本財,0.976,-0.40,8238355,8439619,0.028,0.035,-0.007,152.3,+3.90
AXP,American Express,core,Consumer Finance,金融,0.974,-0.32,39433575,40468014,0.133,0.144,-0.012,354.3,+4.72
TKO,TKO Group Holdings,core,Movies & Entertainment,コミュニケーション・サービス,0.974,-0.35,10093718,10367222,0.034,0.044,-0.010,184.0,-4.04
COHR,Coherent Corp.,core,Electronic Components,情報技術,0.971,-0.36,62064025,63886340,0.209,0.246,-0.037,276.8,-16.64
NVDA,Nvidia,leader,Semiconductors,半導体,0.971,-0.38,1332735708,1371919333,4.482,5.178,-0.696,202.1,-0.57
LEN,Lennar,core,Homebuilding,一般消費財,0.968,-0.36,8242149,8511415,0.028,0.032,-0.004,83.8,-0.44
MS,Morgan Stanley,core,Investment Banking & Brokerage,金融,0.967,-0.36,64198808,66373391,0.216,0.269,-0.053,214.9,-3.02
DOW,Dow Inc.,core,Commodity Chemicals,素材,0.958,-0.40,10403680,10859415,0.035,0.045,-0.010,29.8,+2.97
EW,Edwards Lifesciences,core,Health Care Equipment,ヘルスケア,0.957,-0.34,19533124,20411301,0.066,0.079,-0.013,86.2,-6.83
HBAN,Huntington Bancshares,core,Regional Banks,金融,0.952,-0.39,16203458,17019103,0.054,0.061,-0.006,18.2,+3.61
MPC,Marathon Petroleum,core,Oil & Gas Refining & Marketing,エネルギー,0.950,-0.34,29190322,30722636,0.098,0.107,-0.009,310.9,+10.18
TRGP,Targa Resources,core,Oil & Gas Storage & Transportation,エネルギー,0.946,-0.35,11380457,12036141,0.038,0.045,-0.006,282.6,+2.02
PFE,Pfizer,core,Pharmaceuticals,ヘルスケア,0.945,-0.35,43735452,46279928,0.147,0.162,-0.015,25.1,+4.36
AXON,Axon Enterprise,leader,Aerospace & Defense,資本財,0.943,-0.37,19236496,20406912,0.065,0.077,-0.012,508.7,-12.84
NEM,Newmont,core,Gold,素材,0.938,-0.46,29859083,31842646,0.100,0.124,-0.024,89.9,-5.00
FTNT,Fortinet,leader,Systems Software,情報技術,0.937,-0.48,26724863,28534060,0.090,0.117,-0.027,161.4,+5.51
IEX,IDEX Corporation,core,Industrial Machinery & Supplies & Components,資本財,0.936,-0.41,4051103,4326730,0.014,0.023,-0.009,225.2,+1.97
FISV,Fiserv,core,Transaction & Payment Processing Services,金融,0.935,-0.42,15054937,16093622,0.051,0.060,-0.009,50.9,+1.08
TDG,TransDigm Group,core,Aerospace & Defense,資本財,0.935,-0.36,18091761,19348330,0.061,0.076,-0.015,1213.2,-6.43
BLDR,Builders FirstSource,core,Building Products,資本財,0.933,-0.43,5266330,5643898,0.018,0.023,-0.005,73.9,-2.04
NEE,NextEra Energy,core,Multi-Utilities,公益事業,0.933,-0.31,32605071,34965200,0.110,0.143,-0.034,88.5,+0.76
HAL,Halliburton,core,Oil & Gas Equipment & Services,エネルギー,0.931,-0.41,11950074,12829734,0.040,0.048,-0.008,35.1,+1.33
COIN,Coinbase,core,Financial Exchanges & Data,金融,0.929,-0.43,44884039,48314098,0.151,0.187,-0.036,156.6,-0.13
KVUE,Kenvue,core,Personal Care Products,生活必需品,0.923,-0.33,14606202,15822001,0.049,0.066,-0.017,18.9,-1.07
PRU,Prudential Financial,core,Life & Health Insurance,金融,0.922,-0.42,6593102,7153473,0.022,0.030,-0.008,118.8,+4.27
MTB,M&T Bank,core,Regional Banks,金融,0.919,-0.40,13408232,14582309,0.045,0.059,-0.014,249.0,+4.77
OMC,Omnicom Group,core,Advertising,コミュニケーション・サービス,0.917,-0.34,9921736,10824654,0.033,0.038,-0.004,82.0,+5.59
MRVL,Marvell Technology,leader,Semiconductors,半導体,0.916,-0.39,231060911,252221972,0.777,0.989,-0.212,187.3,-23.81
NWS,News Corp (Class B),core,Publishing,コミュニケーション・サービス,0.916,-0.41,1367080,1492413,0.005,0.007,-0.002,32.4,+7.44
HSY,Hershey Company (The),core,Packaged Foods & Meats,生活必需品,0.914,-0.41,12047906,13177424,0.041,0.055,-0.015,171.6,-1.27
COO,Cooper Companies (The),core,Health Care Supplies,ヘルスケア,0.912,-0.37,5085123,5573752,0.017,0.023,-0.006,71.9,+3.27
HWM,Howmet Aerospace,core,Aerospace & Defense,資本財,0.910,-0.37,19175185,21060809,0.064,0.075,-0.011,272.0,-1.37
WDC,Western Digital,leader,"Technology Hardware, Storage & Peripherals",情報技術,0.910,-0.39,165066987,181404197,0.555,0.718,-0.163,477.6,-18.25
VEEV,Veeva Systems,core,Health Care Technology,ヘルスケア,0.909,-0.45,11399145,12535586,0.038,0.053,-0.015,195.4,+7.33
COF,Capital One,core,Consumer Finance,金融,0.906,-0.46,34166380,37714292,0.115,0.146,-0.032,207.9,+6.62
RMD,ResMed,core,Health Care Equipment,ヘルスケア,0.903,-0.46,9830670,10890370,0.033,0.050,-0.017,198.9,-3.11
Z,"Zillow Group, Inc.",hot,,不明,0.900,-0.42,4274613,4748075,0.014,0.019,-0.004,33.4,+5.06
TECH,Bio-Techne,core,Life Sciences Tools & Services,ヘルスケア,0.898,-0.44,9187434,10228659,0.031,0.038,-0.007,72.0,+1.65
NBIS,Nebius Group N.V. Class A Ordinary Shares,leader,,不明,0.895,-0.40,177507228,198348462,0.597,0.698,-0.101,179.3,-20.32
MO,Altria,core,Tobacco,生活必需品,0.892,-0.47,19703088,22089395,0.066,0.089,-0.023,74.3,+1.68
VRT,Vertiv,core,Electrical Components & Equipment,資本財,0.892,-0.38,59068379,66250391,0.199,0.241,-0.042,290.7,-13.69
CAT,Caterpillar Inc.,core,Construction Machinery & Heavy Transportation Equipment,資本財,0.891,-0.41,101264957,113657733,0.341,0.412,-0.071,880.7,-10.05
GOOGL,Alphabet Inc. (Class A),leader,Interactive Media & Services,コミュニケーション・サービス,0.886,-0.55,313848164,354034327,1.055,1.582,-0.527,345.0,-3.23
LUV,Southwest Airlines,core,Passenger Airlines,資本財,0.886,-0.42,8399144,9480742,0.028,0.038,-0.009,47.8,-2.61
KMB,Kimberly-Clark,core,Household Products,生活必需品,0.885,-0.42,20525140,23191545,0.069,0.089,-0.020,108.0,-1.42
EXE,Expand Energy,core,Oil & Gas Exploration & Production,エネルギー,0.884,-0.49,14544198,16460950,0.049,0.067,-0.018,88.0,-1.87
LLY,Lilly (Eli),core,Pharmaceuticals,ヘルスケア,0.882,-0.52,102051154,115665891,0.343,0.473,-0.130,1176.3,-3.19
MCD,McDonald's,core,Restaurants,一般消費財,0.880,-0.46,43936156,49914878,0.148,0.198,-0.050,267.9,-2.94
APD,Air Products,core,Industrial Gases,素材,0.877,-0.36,10296381,11745632,0.035,0.053,-0.019,295.9,+0.43
UAL,United Airlines Holdings,core,Passenger Airlines,資本財,0.873,-0.43,24535299,28091114,0.083,0.114,-0.032,115.6,-9.65
CRM,Salesforce,core,Application Software,情報技術,0.873,-0.47,73446888,84145947,0.247,0.357,-0.110,170.7,+8.03
D,Dominion Energy,core,Multi-Utilities,公益事業,0.873,-0.38,12709510,14561919,0.043,0.053,-0.011,71.1,+1.38
GOOG,Alphabet Inc. (Class C),leader,Interactive Media & Services,コミュニケーション・サービス,0.873,-0.49,218572847,250439708,0.735,1.033,-0.298,344.5,-2.49
VRSK,Verisk Analytics,core,Research & Consulting Services,資本財,0.871,-0.43,13224283,15184590,0.044,0.054,-0.009,200.1,+6.81
SPGI,S&P Global,core,Financial Exchanges & Data,金融,0.869,-0.49,24879433,28630103,0.084,0.109,-0.025,449.6,+6.02
NOW,ServiceNow,core,Systems Software,情報技術,0.866,-0.39,74389210,85851398,0.250,0.336,-0.085,103.4,+0.56
MGM,MGM Resorts,core,Casinos & Gaming,一般消費財,0.866,-0.38,4218322,4871808,0.014,0.018,-0.004,46.3,-0.26
ZTS,Zoetis,core,Pharmaceuticals,ヘルスケア,0.863,-0.54,14349033,16625488,0.048,0.072,-0.024,76.2,+2.20
KEYS,Keysight Technologies,core,Electronic Equipment & Instruments,情報技術,0.861,-0.41,16168887,18768464,0.054,0.074,-0.020,315.5,-3.30
AMZN,Amazon,leader,Broadline Retail,一般消費財,0.861,-0.50,384832610,446763887,1.294,1.676,-0.381,247.4,+3.40
PEP,PepsiCo,leader,Soft Drinks & Non-alcoholic Beverages,生活必需品,0.860,-0.47,49474612,57531547,0.166,0.227,-0.061,137.0,+0.38
CLX,Clorox,core,Household Products,生活必需品,0.859,-0.43,10753793,12520485,0.036,0.047,-0.011,96.3,+3.60
RKLB,Rocket Lab Corporation Common Stock,leader,,不明,0.857,-0.48,65874185,76859972,0.222,0.304,-0.082,67.4,-20.06
CAH,Cardinal Health,core,Health Care Distributors,ヘルスケア,0.857,-0.44,18185833,21227281,0.061,0.086,-0.025,229.0,-3.61
CCL,Carnival Corporation,core,"Hotels, Resorts & Cruise Lines",一般消費財,0.856,-0.54,17750325,20727909,0.060,0.077,-0.017,26.4,+1.23
DG,Dollar General,core,Consumer Staples Merchandise Retail,生活必需品,0.854,-0.54,11666209,13665729,0.039,0.064,-0.024,125.6,+9.56
TROW,T. Rowe Price,core,Asset Management & Custody Banks,金融,0.853,-0.47,9004258,10558848,0.030,0.041,-0.011,117.3,-1.00
APH,Amphenol,core,Electronic Components,情報技術,0.852,-0.51,33078424,38832331,0.111,0.154,-0.043,151.0,-6.97
VST,Vistra Corp.,core,Electric Utilities,公益事業,0.850,-0.48,28489535,33500359,0.096,0.133,-0.037,154.7,-2.63
BNY,BNY Mellon,core,Asset Management & Custody Banks,金融,0.846,-0.51,23435068,27685583,0.079,0.115,-0.036,157.3,+4.12
EXC,Exelon,leader,Electric Utilities,公益事業,0.843,-0.45,11367500,13487392,0.038,0.058,-0.020,46.3,-1.87
F,Ford Motor Company,core,Automobile Manufacturers,一般消費財,0.842,-0.56,33014175,39232150,0.111,0.126,-0.015,14.3,+5.34
FFIV,"F5, Inc.",core,Communications Equipment,情報技術,0.840,-0.42,8077314,9614887,0.027,0.035,-0.008,410.0,-2.81
STX,Seagate Technology,leader,"Technology Hardware, Storage & Peripherals",情報技術,0.840,-0.59,200103270,238218533,0.673,0.823,-0.150,787.6,-13.74
CARR,Carrier Global,core,Building Products,資本財,0.835,-0.42,12041870,14429658,0.040,0.056,-0.016,68.6,+0.56
CVS,CVS Health,core,Health Care Services,ヘルスケア,0.833,-0.53,26767059,32135788,0.090,0.128,-0.038,107.1,+2.52
FLYW,Flywire Corporation - Voting,hot,,不明,0.833,-0.51,1113409,1337035,0.004,0.006,-0.002,18.1,+3.98
KDP,Keurig Dr Pepper,leader,Soft Drinks & Non-alcoholic Beverages,生活必需品,0.827,-0.41,10980336,13282588,0.037,0.056,-0.019,30.9,+0.68
FCX,Freeport-McMoRan,core,Copper,素材,0.825,-0.55,30028804,36400010,0.101,0.148,-0.047,58.5,-1.37
STZ,Constellation Brands,core,Distillers & Vintners,生活必需品,0.819,-0.44,9027740,11016366,0.030,0.044,-0.014,133.1,+2.69
BF-B,Brown–Forman,core,Distillers & Vintners,生活必需品,0.817,-0.51,2615089,3201607,0.009,0.012,-0.003,25.7,+0.35
RL,Ralph Lauren Corporation,core,"Apparel, Accessories & Luxury Goods",一般消費財,0.816,-0.40,8031999,9840611,0.027,0.042,-0.015,380.9,+0.02
CME,CME Group,core,Financial Exchanges & Data,金融,0.814,-0.50,22839571,28068890,0.077,0.098,-0.021,244.6,+3.44
ANET,Arista Networks,core,Communications Equipment,情報技術,0.813,-0.57,53477155,65741678,0.180,0.266,-0.086,167.8,-10.23
BBY,Best Buy,core,Computer & Electronics Retail,一般消費財,0.812,-0.53,11714058,14418646,0.039,0.058,-0.018,85.1,+7.71
AVGO,Broadcom,leader,Semiconductors,半導体,0.806,-0.50,257626194,319456528,0.866,1.298,-0.431,370.5,-7.83
CVX,Chevron Corporation,core,Integrated Oil & Gas,エネルギー,0.804,-0.56,45132982,56140972,0.152,0.210,-0.058,186.7,+6.47
HONA,Honeywell Aerospace,leader,Aerospace & Defense,資本財,0.801,-0.54,24222716,30226451,0.081,0.104,-0.022,212.2,-5.98
MRNA,Moderna,core,Biotechnology,ヘルスケア,0.801,-0.57,13564433,16941440,0.046,0.076,-0.031,61.8,-16.19
IP,International Paper,core,Paper & Plastic Packaging Products & Materials,素材,0.790,-0.46,6416800,8123975,0.022,0.032,-0.010,37.3,+0.11
BLK,BlackRock,core,Asset Management & Custody Banks,金融,0.789,-0.51,32766433,41505442,0.110,0.173,-0.063,1071.1,+7.58
INTU,Intuit,leader,Application Software,情報技術,0.787,-0.56,43491891,55282132,0.146,0.219,-0.073,290.6,+10.74
CHTR,Charter Communications,core,Cable & Satellite,コミュニケーション・サービス,0.785,-0.57,10558120,13448195,0.036,0.050,-0.014,132.6,+0.37
FSLR,First Solar,core,Semiconductors,半導体,0.785,-0.59,14822977,18891007,0.050,0.072,-0.023,211.1,-8.47
HRL,Hormel Foods,core,Packaged Foods & Meats,生活必需品,0.780,-0.52,2782665,3569636,0.009,0.014,-0.005,25.4,+4.47
DAL,Delta Air Lines,core,Passenger Airlines,資本財,0.776,-0.57,23839157,30711708,0.080,0.127,-0.047,84.0,-4.86
GLW,Corning Inc.,core,Electronic Components,情報技術,0.774,-0.53,65129406,84141705,0.219,0.373,-0.154,154.7,-21.80
ZG,"Zillow Group, Inc.",hot,,不明,0.772,-0.59,1222588,1582914,0.004,0.006,-0.002,33.3,+4.78
V,Visa Inc.,core,Transaction & Payment Processing Services,金融,0.771,-0.62,75589734,98099103,0.254,0.387,-0.133,358.3,+3.60
CEG,Constellation Energy,leader,Electric Utilities,公益事業,0.769,-0.62,27019224,35146191,0.091,0.121,-0.030,251.8,+1.23
OXY,Occidental Petroleum,core,Oil & Gas Exploration & Production,エネルギー,0.769,-0.57,17624700,22929315,0.059,0.090,-0.031,54.6,+3.18
PH,Parker Hannifin,core,Industrial Machinery & Supplies & Components,資本財,0.765,-0.48,15382250,20099098,0.052,0.081,-0.029,954.0,+0.24
TJX,TJX Companies,core,Apparel Retail,一般消費財,0.752,-0.54,22698381,30175932,0.076,0.117,-0.041,154.5,+0.69
SCHW,Charles Schwab Corporation,core,Investment Banking & Brokerage,金融,0.751,-0.55,26291669,35011856,0.088,0.128,-0.040,101.9,+1.00
SNDK,Sandisk,leader,"Technology Hardware, Storage & Peripherals",情報技術,0.751,-0.56,1029936996,1371800222,3.463,4.966,-1.503,1392.7,-23.22
EQT,EQT Corporation,core,Oil & Gas Exploration & Production,エネルギー,0.749,-0.68,12551133,16746594,0.042,0.065,-0.022,49.5,-2.68
BIIB,Biogen,core,Biotechnology,ヘルスケア,0.746,-0.50,12093602,16218121,0.041,0.072,-0.031,203.9,+2.46
ARM,Arm Holdings plc American Depositary Shares,leader,,不明,0.739,-0.56,66554512,90056220,0.224,0.389,-0.165,266.3,-15.19
JKHY,Jack Henry & Associates,core,Transaction & Payment Processing Services,金融,0.737,-0.53,6414907,8699918,0.022,0.037,-0.015,152.2,+4.95
BDX,Becton Dickinson,core,Health Care Equipment,ヘルスケア,0.736,-0.53,8423837,11444518,0.028,0.045,-0.017,157.6,+5.73
SAH,"Sonic Automotive, Inc.",hot,,不明,0.724,-0.53,1126324,1555925,0.004,0.005,-0.002,99.6,+12.04
RJF,Raymond James Financial,core,Investment Banking & Brokerage,金融,0.723,-0.58,5945303,8223301,0.020,0.031,-0.011,168.1,+1.13
MBX,"MBX Biosciences, Inc.",hot,,不明,0.720,-0.57,1923957,2671761,0.006,0.011,-0.005,62.5,+0.35
SMCI,Supermicro,core,"Technology Hardware, Storage & Peripherals",情報技術,0.710,-0.64,26919048,37911754,0.091,0.151,-0.060,24.5,-15.11
SYK,Stryker Corporation,core,Health Care Equipment,ヘルスケア,0.705,-0.61,25502715,36172046,0.086,0.142,-0.057,319.8,-0.86
IBM,IBM,core,IT Consulting & Other Services,情報技術,0.703,-0.38,134591802,191448426,0.453,0.972,-0.519,211.5,-26.41
DVN,Devon Energy,core,Oil & Gas Exploration & Production,エネルギー,0.691,-0.71,13562928,19636313,0.046,0.069,-0.024,43.6,+1.91
AKAM,Akamai Technologies,core,Internet Services & Infrastructure,情報技術,0.689,-0.55,11908321,17283538,0.040,0.074,-0.034,118.8,-6.09
AMD,Advanced Micro Devices,leader,Semiconductors,半導体,0.687,-0.70,450920438,656415691,1.516,2.629,-1.112,493.1,-8.51
NCLH,Norwegian Cruise Line Holdings,core,"Hotels, Resorts & Cruise Lines",一般消費財,0.686,-0.65,7350250,10714413,0.025,0.040,-0.015,19.5,+3.98
GS,Goldman Sachs,core,Investment Banking & Brokerage,金融,0.673,-0.57,69495517,103329403,0.234,0.435,-0.201,1067.5,+1.53
IT,Gartner,core,IT Consulting & Other Services,情報技術,0.671,-0.62,5863705,8741817,0.020,0.033,-0.013,140.7,+8.24
BX,Blackstone Inc.,core,Asset Management & Custody Banks,金融,0.667,-0.67,14308149,21437561,0.048,0.081,-0.033,126.8,+6.53
INTC,Intel,leader,Semiconductors,半導体,0.664,-0.71,371343604,559523595,1.249,2.101,-0.853,95.0,-17.18
MNSO,MINISO Group Holding Limited,hot,,不明,0.662,-0.55,245428,370607,0.001,0.002,-0.001,12.8,+11.24
HOOD,Robinhood Markets,core,Investment Banking & Brokerage,金融,0.655,-0.67,89067236,136014269,0.300,0.501,-0.201,100.3,-11.36
MSTR,Strategy Inc Common Stock Class A,leader,,不明,0.652,-0.68,42728384,65503873,0.144,0.266,-0.122,93.9,-0.23
LYV,Live Nation Entertainment,core,Movies & Entertainment,コミュニケーション・サービス,0.650,-0.57,7863024,12103754,0.026,0.052,-0.026,179.1,-1.82
LITE,Lumentum,leader,Communications Equipment,情報技術,0.648,-0.64,113737623,175550126,0.382,0.665,-0.282,733.0,-3.33
DELL,Dell Technologies,core,"Technology Hardware, Storage & Peripherals",情報技術,0.646,-0.80,93331594,144585958,0.314,0.628,-0.314,396.9,-11.20
PLTR,Palantir Technologies,leader,Application Software,情報技術,0.628,-0.68,157781295,251151846,0.531,0.909,-0.379,131.8,+3.70
MARA,"MARA Holdings, Inc.",hot,,不明,0.618,-0.81,22915360,37080427,0.077,0.132,-0.055,10.6,-17.45
JCI,Johnson Controls,core,Building Products,資本財,0.617,-0.74,12464823,20217243,0.042,0.078,-0.036,140.7,-1.23
GIS,General Mills,core,Packaged Foods & Meats,生活必需品,0.610,-0.78,11571524,18961010,0.039,0.072,-0.033,38.0,+5.83
MELI,"Mercado Libre, Inc",leader,,不明,0.582,-0.84,21937112,37662936,0.074,0.144,-0.070,1817.4,+2.13
DDOG,Datadog,leader,Application Software,情報技術,0.567,-0.80,24624372,43460368,0.083,0.170,-0.088,256.9,-0.61
PLUG,"Plug Power, Inc.",hot,,不明,0.554,-0.83,3526909,6361609,0.012,0.022,-0.010,2.2,-11.90
OPEN,Opendoor Technologies Inc,hot,,不明,0.532,-1.09,18475013,34746411,0.062,0.106,-0.044,4.4,-7.77
HPE,Hewlett Packard Enterprise,core,"Technology Hardware, Storage & Peripherals",情報技術,0.530,-0.88,26276882,49564836,0.088,0.174,-0.086,45.9,-1.07
TSLA,"Tesla, Inc.",leader,Automobile Manufacturers,一般消費財,0.520,-0.99,371235055,714536460,1.248,2.498,-1.249,381.5,-3.27
ORCL,Oracle Corporation,core,Application Software,情報技術,0.478,-0.94,160818206,336743123,0.541,1.178,-0.638,126.1,-10.78
NU,Nu Holdings Ltd.,hot,,不明,0.472,-1.26,60434764,128047918,0.203,0.420,-0.217,13.6,+3.00
